image,condition,replicate,cell_id,pair,pearson_r,manders_m1,manders_m2
MAX_25deg_rep1.tif,25deg,1,1,Tif6_vs_Sis1,0.9609884311232227,0.955840108146674,0.9140572434139019
MAX_25deg_rep1.tif,25deg,1,2,Tif6_vs_Sis1,0.7977777532833245,,
MAX_25deg_rep1.tif,25deg,1,3,Tif6_vs_Sis1,0.8941582440862784,0.7977514651357493,0.9148687989492154
MAX_25deg_rep1.tif,25deg,1,4,Tif6_vs_Sis1,0.9310690944576228,0.8960742901203527,0.6085289256198347
MAX_25deg_rep1.tif,25deg,1,5,Tif6_vs_Sis1,0.9409895372175521,0.9732305713412127,0.7673234773933155
MAX_25deg_rep1.tif,25deg,1,6,Tif6_vs_Sis1,0.9035648473277517,0.8174702291956166,0.9390937009296444
MAX_25deg_rep1.tif,25deg,1,7,Tif6_vs_Sis1,0.9110595503359397,0.8612557513581308,0.8640080916727313
MAX_25deg_rep1.tif,25deg,1,8,Tif6_vs_Sis1,0.9183249071993408,0.7179277755090134,0.418029517351416
MAX_25deg_rep1.tif,25deg,1,9,Tif6_vs_Sis1,0.8965045828727011,0.06689804335797998,0.6586378737541528
MAX_25deg_rep1.tif,25deg,1,10,Tif6_vs_Sis1,0.8472169403006964,0.13405681831571753,1.0
MAX_25deg_rep1.tif,25deg,1,11,Tif6_vs_Sis1,0.8989670250099345,1.0,0.34777573514524734
MAX_25deg_rep1.tif,25deg,1,12,Tif6_vs_Sis1,0.7238742191608979,0.7305611165131842,0.6283777789606289
MAX_25deg_rep1.tif,25deg,1,13,Tif6_vs_Sis1,0.9000079008314682,0.9260433216403706,0.79759020507052
MAX_25deg_rep1.tif,25deg,1,15,Tif6_vs_Sis1,0.8830610171597476,0.9223200833968755,0.9060925596708875
MAX_25deg_rep1.tif,25deg,1,16,Tif6_vs_Sis1,0.9373281612731492,0.8627649452395895,0.9291411882814639
MAX_25deg_rep1.tif,25deg,1,17,Tif6_vs_Sis1,0.861008087506404,0.9819493555378123,0.658954676253061
MAX_25deg_rep1.tif,25deg,1,18,Tif6_vs_Sis1,0.7955130125760118,0.8096815957516842,0.4251573426573427
MAX_25deg_rep1.tif,25deg,1,19,Tif6_vs_Sis1,0.879775249796427,1.0,0.15582295205738014
MAX_25deg_rep1.tif,25deg,1,20,Tif6_vs_Sis1,0.8593585654479706,0.07134168318615967,1.0
MAX_25deg_rep1.tif,25deg,1,21,Tif6_vs_Sis1,0.8663514337341064,0.8625361824300473,0.9448191293684856
MAX_25deg_rep1.tif,25deg,1,22,Tif6_vs_Sis1,0.9038441495508268,0.8775001585389054,0.9209845974583986
MAX_25deg_rep1.tif,25deg,1,23,Tif6_vs_Sis1,0.9042049833122845,1.0,0.7086271729359482
MAX_25deg_rep1.tif,25deg,1,24,Tif6_vs_Sis1,0.8701095318816116,0.524759529747061,0.9260529344073648
MAX_25deg_rep1.tif,25deg,1,25,Tif6_vs_Sis1,0.7964586938359886,0.20285949910254772,0.9497994269340975
MAX_25deg_rep1.tif,25deg,1,26,Tif6_vs_Sis1,0.6938846328007635,1.0,0.15052837123822652
MAX_25deg_rep1.tif,25deg,1,27,Tif6_vs_Sis1,0.9218697536764303,1.0,0.39960221091612363
MAX_25deg_rep1.tif,25deg,1,28,Tif6_vs_Sis1,0.8756340485555795,1.0,0.30374267145389267
MAX_25deg_rep1.tif,25deg,1,29,Tif6_vs_Sis1,0.8891232659464583,0.36603389447094087,0.6111000991080278
MAX_25deg_rep1.tif,25deg,1,30,Tif6_vs_Sis1,0.7891200997738705,0.7190225106469276,0.5803244633494905
MAX_25deg_rep1.tif,25deg,1,31,Tif6_vs_Sis1,0.9268353579188848,0.846607828364367,0.9244154698299103
MAX_25deg_rep1.tif,25deg,1,32,Tif6_vs_Sis1,0.7849014303182366,0.7717743370706531,0.3152109783012477
MAX_25deg_rep1.tif,25deg,1,33,Tif6_vs_Sis1,0.8650598119394401,1.0,0.060704871619642685
MAX_25deg_rep1.tif,25deg,1,34,Tif6_vs_Sis1,0.7475073186225283,0.20739604448583795,0.8759107293504103
MAX_25deg_rep1.tif,25deg,1,35,Tif6_vs_Sis1,0.9244091007283384,1.0,0.43071357902547613
MAX_25deg_rep1.tif,25deg,1,36,Tif6_vs_Sis1,0.8603438300870018,1.0,0.19788457928963377
MAX_25deg_rep1.tif,25deg,1,37,Tif6_vs_Sis1,0.8579962626660457,0.9804094047574888,0.7242122974407595
MAX_25deg_rep1.tif,25deg,1,38,Tif6_vs_Sis1,0.8333066514174561,0.7436566229863951,0.5448786358166254
MAX_25deg_rep1.tif,25deg,1,39,Tif6_vs_Sis1,0.7786473716582503,,
MAX_25deg_rep1.tif,25deg,1,40,Tif6_vs_Sis1,0.6028080674261626,0.0,
MAX_25deg_rep1.tif,25deg,1,41,Tif6_vs_Sis1,0.9513481936192774,0.7633315391822658,0.9633294397771688
MAX_25deg_rep1.tif,25deg,1,42,Tif6_vs_Sis1,0.8666356843111627,1.0,0.5038464139586786
MAX_25deg_rep1.tif,25deg,1,43,Tif6_vs_Sis1,0.91796361487549,0.0,
MAX_25deg_rep1.tif,25deg,1,44,Tif6_vs_Sis1,0.9349841237951614,0.9189906357559016,0.9515569162715926
MAX_25deg_rep1.tif,25deg,1,45,Tif6_vs_Sis1,0.8355445397137619,0.17530362574657518,1.0
MAX_25deg_rep1.tif,25deg,1,46,Tif6_vs_Sis1,0.7990913052677833,1.0,0.34892366050260787
MAX_25deg_rep1.tif,25deg,1,47,Tif6_vs_Sis1,0.9717756477301969,0.8586812165213157,0.9603458144997336
MAX_25deg_rep1.tif,25deg,1,48,Tif6_vs_Sis1,0.8152094393997146,0.5514217457172824,0.4920010490427485
MAX_25deg_rep1.tif,25deg,1,49,Tif6_vs_Sis1,0.9665324072093499,0.7089706658011117,1.0
MAX_25deg_rep1.tif,25deg,1,50,Tif6_vs_Sis1,0.8640873034503466,0.6057831439618568,0.5893249273925055
MAX_25deg_rep1.tif,25deg,1,51,Tif6_vs_Sis1,0.9280894032495637,1.0,0.5212594415683612
MAX_25deg_rep1.tif,25deg,1,52,Tif6_vs_Sis1,0.7354011359186512,0.6646761076039356,0.2888577304169004
MAX_25deg_rep1.tif,25deg,1,53,Tif6_vs_Sis1,0.9217532092824682,0.9723339952619844,0.8898200997037786
MAX_25deg_rep1.tif,25deg,1,54,Tif6_vs_Sis1,0.8593092989566778,,
MAX_25deg_rep1.tif,25deg,1,55,Tif6_vs_Sis1,0.9554472194286884,0.6829208427081203,1.0
MAX_25deg_rep1.tif,25deg,1,56,Tif6_vs_Sis1,0.8805673717942228,1.0,0.009084893435165017
MAX_25deg_rep1.tif,25deg,1,57,Tif6_vs_Sis1,0.7734033635840603,0.9797909638155718,0.5332313618853388
MAX_25deg_rep1.tif,25deg,1,1,Tif6_vs_Nsr1,0.8778462196623152,1.0,1.0
MAX_25deg_rep1.tif,25deg,1,2,Tif6_vs_Nsr1,0.7041583599757845,1.0,1.0
MAX_25deg_rep1.tif,25deg,1,3,Tif6_vs_Nsr1,0.8395622154003816,1.0,1.0
MAX_25deg_rep1.tif,25deg,1,4,Tif6_vs_Nsr1,0.8203476880791998,1.0,1.0
MAX_25deg_rep1.tif,25deg,1,5,Tif6_vs_Nsr1,0.9247646519131568,1.0,1.0
MAX_25deg_rep1.tif,25deg,1,6,Tif6_vs_Nsr1,0.8653740932359814,1.0,1.0
MAX_25deg_rep1.tif,25deg,1,7,Tif6_vs_Nsr1,0.8978890166248202,1.0,1.0
MAX_25deg_rep1.tif,25deg,1,8,Tif6_vs_Nsr1,0.8557784153455329,1.0,1.0
MAX_25deg_rep1.tif,25deg,1,9,Tif6_vs_Nsr1,0.5224185269147378,1.0,1.0
MAX_25deg_rep1.tif,25deg,1,10,Tif6_vs_Nsr1,0.8316379474300778,0.9993589413374087,1.0
MAX_25deg_rep1.tif,25deg,1,11,Tif6_vs_Nsr1,0.9433128238048464,1.0,1.0
MAX_25deg_rep1.tif,25deg,1,12,Tif6_vs_Nsr1,0.9249940573129061,1.0,1.0
MAX_25deg_rep1.tif,25deg,1,13,Tif6_vs_Nsr1,0.9017735353343899,1.0,1.0
MAX_25deg_rep1.tif,25deg,1,15,Tif6_vs_Nsr1,0.8657008161790712,1.0,1.0
MAX_25deg_rep1.tif,25deg,1,16,Tif6_vs_Nsr1,0.7995837949039993,1.0,1.0
MAX_25deg_rep1.tif,25deg,1,17,Tif6_vs_Nsr1,0.8137193866746133,1.0,1.0
MAX_25deg_rep1.tif,25deg,1,18,Tif6_vs_Nsr1,0.7971886118543698,1.0,1.0
MAX_25deg_rep1.tif,25deg,1,19,Tif6_vs_Nsr1,0.8141584796807381,1.0,1.0
MAX_25deg_rep1.tif,25deg,1,20,Tif6_vs_Nsr1,0.9358740100784594,1.0,1.0
MAX_25deg_rep1.tif,25deg,1,21,Tif6_vs_Nsr1,0.9026932299715432,1.0,1.0
MAX_25deg_rep1.tif,25deg,1,22,Tif6_vs_Nsr1,0.9257350141398804,1.0,1.0
MAX_25deg_rep1.tif,25deg,1,23,Tif6_vs_Nsr1,0.8779235073600439,1.0,1.0
MAX_25deg_rep1.tif,25deg,1,24,Tif6_vs_Nsr1,0.9372006541461417,0.9996462918580045,1.0
MAX_25deg_rep1.tif,25deg,1,25,Tif6_vs_Nsr1,0.842260506325648,1.0,1.0
MAX_25deg_rep1.tif,25deg,1,26,Tif6_vs_Nsr1,0.8773592062834988,1.0,1.0
MAX_25deg_rep1.tif,25deg,1,27,Tif6_vs_Nsr1,0.9150975362020903,1.0,1.0
MAX_25deg_rep1.tif,25deg,1,28,Tif6_vs_Nsr1,0.8851833966881307,1.0,1.0
MAX_25deg_rep1.tif,25deg,1,29,Tif6_vs_Nsr1,0.8640806913373851,1.0,1.0
MAX_25deg_rep1.tif,25deg,1,30,Tif6_vs_Nsr1,0.8510009173771512,1.0,1.0
MAX_25deg_rep1.tif,25deg,1,31,Tif6_vs_Nsr1,0.8726899950489037,1.0,1.0
MAX_25deg_rep1.tif,25deg,1,32,Tif6_vs_Nsr1,0.9283937449625659,0.9992335730645492,1.0
MAX_25deg_rep1.tif,25deg,1,33,Tif6_vs_Nsr1,0.8511627699454297,1.0,1.0
MAX_25deg_rep1.tif,25deg,1,34,Tif6_vs_Nsr1,0.9185687918938196,1.0,1.0
MAX_25deg_rep1.tif,25deg,1,35,Tif6_vs_Nsr1,0.8472435715720368,1.0,1.0
MAX_25deg_rep1.tif,25deg,1,36,Tif6_vs_Nsr1,0.894061298688365,1.0,1.0
MAX_25deg_rep1.tif,25deg,1,37,Tif6_vs_Nsr1,0.9409753996000607,1.0,1.0
MAX_25deg_rep1.tif,25deg,1,38,Tif6_vs_Nsr1,0.9138598785796871,1.0,1.0
MAX_25deg_rep1.tif,25deg,1,39,Tif6_vs_Nsr1,0.6689877630007511,0.990745660216965,1.0
MAX_25deg_rep1.tif,25deg,1,40,Tif6_vs_Nsr1,0.7534112569967514,0.9959135932248561,1.0
MAX_25deg_rep1.tif,25deg,1,41,Tif6_vs_Nsr1,0.8796600754718413,1.0,1.0
MAX_25deg_rep1.tif,25deg,1,42,Tif6_vs_Nsr1,0.9351576327880595,1.0,1.0
MAX_25deg_rep1.tif,25deg,1,43,Tif6_vs_Nsr1,0.8738305351406724,0.9990853758125456,1.0
MAX_25deg_rep1.tif,25deg,1,44,Tif6_vs_Nsr1,0.8054442141282402,1.0,1.0
MAX_25deg_rep1.tif,25deg,1,45,Tif6_vs_Nsr1,0.8543319942874896,1.0,1.0
MAX_25deg_rep1.tif,25deg,1,46,Tif6_vs_Nsr1,0.9051796701191338,1.0,1.0
MAX_25deg_rep1.tif,25deg,1,47,Tif6_vs_Nsr1,0.87334606893517,1.0,1.0
MAX_25deg_rep1.tif,25deg,1,48,Tif6_vs_Nsr1,0.8919041754560063,1.0,1.0
MAX_25deg_rep1.tif,25deg,1,49,Tif6_vs_Nsr1,0.824774852608881,1.0,1.0
MAX_25deg_rep1.tif,25deg,1,50,Tif6_vs_Nsr1,0.8573693226135876,1.0,1.0
MAX_25deg_rep1.tif,25deg,1,51,Tif6_vs_Nsr1,0.7453700686079919,1.0,1.0
MAX_25deg_rep1.tif,25deg,1,52,Tif6_vs_Nsr1,0.9122963057942157,1.0,1.0
MAX_25deg_rep1.tif,25deg,1,53,Tif6_vs_Nsr1,0.8759638146166596,1.0,1.0
MAX_25deg_rep1.tif,25deg,1,54,Tif6_vs_Nsr1,0.8160617005229567,1.0,1.0
MAX_25deg_rep1.tif,25deg,1,55,Tif6_vs_Nsr1,0.8689818160287046,0.9991863601414106,1.0
MAX_25deg_rep1.tif,25deg,1,56,Tif6_vs_Nsr1,0.872509011664763,1.0,1.0
MAX_25deg_rep1.tif,25deg,1,57,Tif6_vs_Nsr1,0.9313378533170935,1.0,1.0
MAX_25deg_rep1.tif,25deg,1,1,Sis1_vs_Nsr1,0.8242980685947092,0.9362932822722195,0.9821446810091087
MAX_25deg_rep1.tif,25deg,1,2,Sis1_vs_Nsr1,0.6583716988501271,0.7686711128258833,1.0
MAX_25deg_rep1.tif,25deg,1,3,Sis1_vs_Nsr1,0.813489484162496,0.9952372544692121,0.9477926825140742
MAX_25deg_rep1.tif,25deg,1,4,Sis1_vs_Nsr1,0.7587558795886292,0.9501288155491782,0.9663229059241435
MAX_25deg_rep1.tif,25deg,1,5,Sis1_vs_Nsr1,0.8729120828586818,0.8521817758245577,0.9972148272469472
MAX_25deg_rep1.tif,25deg,1,6,Sis1_vs_Nsr1,0.7526956825218172,0.9482598032932571,0.9763527180783818
MAX_25deg_rep1.tif,25deg,1,7,Sis1_vs_Nsr1,0.8669895662571669,0.7358029824793514,0.980455459019766
MAX_25deg_rep1.tif,25deg,1,8,Sis1_vs_Nsr1,0.7573975545945135,0.7453826724631694,0.9825390115242524
MAX_25deg_rep1.tif,25deg,1,9,Sis1_vs_Nsr1,0.42897328087288916,0.8153953068858956,0.9309101426918627
MAX_25deg_rep1.tif,25deg,1,10,Sis1_vs_Nsr1,0.8112275803423472,0.861473072255158,0.9413373213984619
MAX_25deg_rep1.tif,25deg,1,11,Sis1_vs_Nsr1,0.8948012313239433,0.8704500045825314,0.9970607138938095
MAX_25deg_rep1.tif,25deg,1,12,Sis1_vs_Nsr1,0.7472354539452697,0.9473331902586586,0.9747875864554313
MAX_25deg_rep1.tif,25deg,1,13,Sis1_vs_Nsr1,0.8158060982478146,0.8963518505521989,0.9928175308243149
MAX_25deg_rep1.tif,25deg,1,15,Sis1_vs_Nsr1,0.6935820311763996,0.9328906370469726,0.9913834941473566
MAX_25deg_rep1.tif,25deg,1,16,Sis1_vs_Nsr1,0.7048715735864376,0.8358877634404516,0.981530599042567
MAX_25deg_rep1.tif,25deg,1,17,Sis1_vs_Nsr1,0.7299844613017272,0.8686912757441985,1.0
MAX_25deg_rep1.tif,25deg,1,18,Sis1_vs_Nsr1,0.6669125188011769,0.9423066811092766,0.9896151401956074
MAX_25deg_rep1.tif,25deg,1,19,Sis1_vs_Nsr1,0.8422867269845067,0.776185542842883,1.0
MAX_25deg_rep1.tif,25deg,1,20,Sis1_vs_Nsr1,0.7405227025017166,0.9045938940092166,0.6674526315789474
MAX_25deg_rep1.tif,25deg,1,21,Sis1_vs_Nsr1,0.7193832701922324,0.9164833117964121,0.9716316681883397
MAX_25deg_rep1.tif,25deg,1,22,Sis1_vs_Nsr1,0.815484093270222,0.9786152834997836,0.992316224991296
MAX_25deg_rep1.tif,25deg,1,23,Sis1_vs_Nsr1,0.6918741355560446,0.9738929578597604,0.995574982669645
MAX_25deg_rep1.tif,25deg,1,24,Sis1_vs_Nsr1,0.8033423129122228,0.9012470052827314,0.8277819982555359
MAX_25deg_rep1.tif,25deg,1,25,Sis1_vs_Nsr1,0.7311066067559885,0.9312795601071534,0.7160740170183344
MAX_25deg_rep1.tif,25deg,1,26,Sis1_vs_Nsr1,0.8217147191453393,0.7247013300376648,1.0
MAX_25deg_rep1.tif,25deg,1,27,Sis1_vs_Nsr1,0.9040306841825361,0.731416353957588,0.995653530928133
MAX_25deg_rep1.tif,25deg,1,28,Sis1_vs_Nsr1,0.7780954774268577,0.8005652854575882,0.9985102420856611
MAX_25deg_rep1.tif,25deg,1,29,Sis1_vs_Nsr1,0.8578826617989231,0.7730477092801054,0.9403298065008102
MAX_25deg_rep1.tif,25deg,1,30,Sis1_vs_Nsr1,0.6330899717066435,0.965746401560416,0.9838410472401442
MAX_25deg_rep1.tif,25deg,1,31,Sis1_vs_Nsr1,0.7171919162841667,0.9528308715310786,0.9637040568183876
MAX_25deg_rep1.tif,25deg,1,32,Sis1_vs_Nsr1,0.7045652767668659,0.6475726781215501,0.992423128833536
MAX_25deg_rep1.tif,25deg,1,33,Sis1_vs_Nsr1,0.897908032103942,0.7230119262421335,0.9896214783872808
MAX_25deg_rep1.tif,25deg,1,34,Sis1_vs_Nsr1,0.6688080199515527,0.8821978413324567,0.8310522630339295
MAX_25deg_rep1.tif,25deg,1,35,Sis1_vs_Nsr1,0.6745427301975823,0.862861769634888,1.0
MAX_25deg_rep1.tif,25deg,1,36,Sis1_vs_Nsr1,0.8570199475233666,0.6769700659137663,1.0
MAX_25deg_rep1.tif,25deg,1,37,Sis1_vs_Nsr1,0.8200063633127856,0.9269011042907941,0.9975447028916979
MAX_25deg_rep1.tif,25deg,1,38,Sis1_vs_Nsr1,0.750914301058192,0.8133368064600156,0.9982230035062243
MAX_25deg_rep1.tif,25deg,1,39,Sis1_vs_Nsr1,0.6601346284824854,0.33200528898013154,0.9338250790305584
MAX_25deg_rep1.tif,25deg,1,40,Sis1_vs_Nsr1,0.5356203724858258,0.4165239432760156,0.921572321120216
MAX_25deg_rep1.tif,25deg,1,41,Sis1_vs_Nsr1,0.834133523240218,0.906123270729673,0.9875511570426825
MAX_25deg_rep1.tif,25deg,1,42,Sis1_vs_Nsr1,0.7770573280005266,0.9021372612577722,1.0
MAX_25deg_rep1.tif,25deg,1,43,Sis1_vs_Nsr1,0.6876292729644771,0.7571907581076125,0.8592403727800246
MAX_25deg_rep1.tif,25deg,1,44,Sis1_vs_Nsr1,0.6811555042007078,0.898355721848204,0.9960564977576164
MAX_25deg_rep1.tif,25deg,1,45,Sis1_vs_Nsr1,0.7423014469379675,0.9083543841787289,0.9402994662024576
MAX_25deg_rep1.tif,25deg,1,46,Sis1_vs_Nsr1,0.7565031987006621,0.7816501494415605,0.996557817619556
MAX_25deg_rep1.tif,25deg,1,47,Sis1_vs_Nsr1,0.8602732118503645,0.7845767060030785,0.8520109076061596
MAX_25deg_rep1.tif,25deg,1,48,Sis1_vs_Nsr1,0.8036286419968546,0.8584436600233091,0.9870273123460466
MAX_25deg_rep1.tif,25deg,1,49,Sis1_vs_Nsr1,0.8531561091235539,0.9281459643211697,0.870554117961988
MAX_25deg_rep1.tif,25deg,1,50,Sis1_vs_Nsr1,0.6921010964591374,0.7837391473890654,0.9777073034231881
MAX_25deg_rep1.tif,25deg,1,51,Sis1_vs_Nsr1,0.7479492621864947,0.6083869101910969,0.9917216715600786
MAX_25deg_rep1.tif,25deg,1,52,Sis1_vs_Nsr1,0.6764279078200138,0.7151936818352764,0.9735311227457825
MAX_25deg_rep1.tif,25deg,1,53,Sis1_vs_Nsr1,0.729799140901177,0.9475268952930936,0.9902800789613164
MAX_25deg_rep1.tif,25deg,1,54,Sis1_vs_Nsr1,0.7593641495433918,0.9001379389620093,0.9434055841293166
MAX_25deg_rep1.tif,25deg,1,55,Sis1_vs_Nsr1,0.8189672236105942,0.9772761541531775,0.7188365071798346
MAX_25deg_rep1.tif,25deg,1,56,Sis1_vs_Nsr1,0.8960510407675709,0.8656447541584863,1.0
MAX_25deg_rep1.tif,25deg,1,57,Sis1_vs_Nsr1,0.6876936080630053,0.8874602410769826,1.0
MAX_40deg_rep1.tif,40deg,1,1,Tif6_vs_Sis1,0.7477670886727186,0.9728420806454756,1.0
MAX_40deg_rep1.tif,40deg,1,2,Tif6_vs_Sis1,0.8478865159806037,0.7785768357305072,1.0
MAX_40deg_rep1.tif,40deg,1,3,Tif6_vs_Sis1,0.8605477506340339,0.9352983680452859,1.0
MAX_40deg_rep1.tif,40deg,1,4,Tif6_vs_Sis1,0.9363548501136437,0.9507844148507033,0.9991155548723569
MAX_40deg_rep1.tif,40deg,1,5,Tif6_vs_Sis1,0.5940529465251793,0.9575274567854073,1.0
MAX_40deg_rep1.tif,40deg,1,6,Tif6_vs_Sis1,0.9036964099017846,0.8794222210440433,1.0
MAX_40deg_rep1.tif,40deg,1,7,Tif6_vs_Sis1,0.7700013892522874,0.9413434613935586,1.0
MAX_40deg_rep1.tif,40deg,1,8,Tif6_vs_Sis1,0.7014960726109483,0.9435121171297872,1.0
MAX_40deg_rep1.tif,40deg,1,9,Tif6_vs_Sis1,0.6965216501655845,0.9624494806202448,1.0
MAX_40deg_rep1.tif,40deg,1,10,Tif6_vs_Sis1,0.7038630027726208,0.9716515633986561,1.0
MAX_40deg_rep1.tif,40deg,1,11,Tif6_vs_Sis1,0.8524991025210431,0.9422498310451133,1.0
MAX_40deg_rep1.tif,40deg,1,12,Tif6_vs_Sis1,0.66764471331846,0.9582753155833232,1.0
MAX_40deg_rep1.tif,40deg,1,13,Tif6_vs_Sis1,0.7845896883873108,0.8753099728763911,1.0
MAX_40deg_rep1.tif,40deg,1,14,Tif6_vs_Sis1,0.9451248837048825,0.8772160428356888,1.0
MAX_40deg_rep1.tif,40deg,1,15,Tif6_vs_Sis1,0.6080453023865289,0.9862039102390687,1.0
MAX_40deg_rep1.tif,40deg,1,16,Tif6_vs_Sis1,0.7616674382197137,0.9638736945904328,1.0
MAX_40deg_rep1.tif,40deg,1,17,Tif6_vs_Sis1,0.889172964367361,0.9589956944141996,0.9964313254308412
MAX_40deg_rep1.tif,40deg,1,18,Tif6_vs_Sis1,0.5259519802586916,0.8884083030884791,1.0
MAX_40deg_rep1.tif,40deg,1,19,Tif6_vs_Sis1,0.9035324093777474,0.9326149463188161,1.0
MAX_40deg_rep1.tif,40deg,1,20,Tif6_vs_Sis1,0.6813772196634607,0.9856778829848667,1.0
MAX_40deg_rep1.tif,40deg,1,21,Tif6_vs_Sis1,0.8915191693759683,0.9457300926675998,1.0
MAX_40deg_rep1.tif,40deg,1,22,Tif6_vs_Sis1,0.29258638615837723,0.0,
MAX_40deg_rep1.tif,40deg,1,23,Tif6_vs_Sis1,0.5761111527156797,0.021797883357328685,1.0
MAX_40deg_rep1.tif,40deg,1,24,Tif6_vs_Sis1,0.9535754311050942,0.9575975509014043,1.0
MAX_40deg_rep1.tif,40deg,1,25,Tif6_vs_Sis1,0.9498329079974599,0.9439364387975432,1.0
MAX_40deg_rep1.tif,40deg,1,26,Tif6_vs_Sis1,0.8348612959128275,0.9724796788263284,1.0
MAX_40deg_rep1.tif,40deg,1,27,Tif6_vs_Sis1,0.7293597206040819,0.9775791322210791,1.0
MAX_40deg_rep1.tif,40deg,1,28,Tif6_vs_Sis1,0.2687254432435445,0.0,
MAX_40deg_rep1.tif,40deg,1,29,Tif6_vs_Sis1,0.9126776010550453,0.8873836212393895,1.0
MAX_40deg_rep1.tif,40deg,1,30,Tif6_vs_Sis1,0.26714263582752773,0.0,
MAX_40deg_rep1.tif,40deg,1,31,Tif6_vs_Sis1,0.8550869315120441,0.9059635734862962,1.0
MAX_40deg_rep1.tif,40deg,1,1,Tif6_vs_Nsr1,0.5734814948915997,0.6574287261034327,0.9894211238997969
MAX_40deg_rep1.tif,40deg,1,2,Tif6_vs_Nsr1,0.24865846484718007,,
MAX_40deg_rep1.tif,40deg,1,3,Tif6_vs_Nsr1,0.32873625892966113,,
MAX_40deg_rep1.tif,40deg,1,4,Tif6_vs_Nsr1,0.9081891861194552,0.7532069206571129,0.9837721722383348
MAX_40deg_rep1.tif,40deg,1,5,Tif6_vs_Nsr1,0.6369116485088409,0.6907397948927185,1.0
MAX_40deg_rep1.tif,40deg,1,6,Tif6_vs_Nsr1,0.8522969930379248,0.8121555216149811,0.975360648571315
MAX_40deg_rep1.tif,40deg,1,7,Tif6_vs_Nsr1,0.654062113660807,0.8077549258820865,0.9227575323801804
MAX_40deg_rep1.tif,40deg,1,8,Tif6_vs_Nsr1,0.5212439964558626,0.618002612835105,0.9986593365457023
MAX_40deg_rep1.tif,40deg,1,9,Tif6_vs_Nsr1,0.817411146699603,0.6418299978353701,0.9068316815958325
MAX_40deg_rep1.tif,40deg,1,10,Tif6_vs_Nsr1,0.5893031207000604,0.7141804714378428,0.9809634529632775
MAX_40deg_rep1.tif,40deg,1,11,Tif6_vs_Nsr1,0.2915613105156526,0.0,
MAX_40deg_rep1.tif,40deg,1,12,Tif6_vs_Nsr1,0.5547033938197323,0.6396598342782381,0.9838743250358144
MAX_40deg_rep1.tif,40deg,1,13,Tif6_vs_Nsr1,0.77053804897021,0.9031866845098695,0.8083883008937783
MAX_40deg_rep1.tif,40deg,1,14,Tif6_vs_Nsr1,0.9260351697636712,0.8376775015332358,0.9873783176636991
MAX_40deg_rep1.tif,40deg,1,15,Tif6_vs_Nsr1,0.36927015083771336,0.6578518111848982,0.9794658196583105
MAX_40deg_rep1.tif,40deg,1,16,Tif6_vs_Nsr1,0.6269711578675097,0.5356768277365873,1.0
MAX_40deg_rep1.tif,40deg,1,17,Tif6_vs_Nsr1,0.20682339666015986,,
MAX_40deg_rep1.tif,40deg,1,18,Tif6_vs_Nsr1,0.6489661870454857,0.5402782308803654,0.7366631972228406
MAX_40deg_rep1.tif,40deg,1,19,Tif6_vs_Nsr1,0.38838616142322296,0.0,
MAX_40deg_rep1.tif,40deg,1,20,Tif6_vs_Nsr1,0.5615888774920598,0.5557282903207968,1.0
MAX_40deg_rep1.tif,40deg,1,21,Tif6_vs_Nsr1,0.36412536716417054,,
MAX_40deg_rep1.tif,40deg,1,22,Tif6_vs_Nsr1,0.14109828217292636,,0.0
MAX_40deg_rep1.tif,40deg,1,23,Tif6_vs_Nsr1,0.3973752643627732,,0.0
MAX_40deg_rep1.tif,40deg,1,24,Tif6_vs_Nsr1,0.8709381957774508,0.7973627107327658,0.9725930854728785
MAX_40deg_rep1.tif,40deg,1,25,Tif6_vs_Nsr1,0.8342765564043573,0.5029085784521489,0.9951190225569773
MAX_40deg_rep1.tif,40deg,1,26,Tif6_vs_Nsr1,0.7853486102688507,0.9178139842481813,0.9495002804702249
MAX_40deg_rep1.tif,40deg,1,27,Tif6_vs_Nsr1,0.7779215041606574,0.6470562018780064,0.9991152837640019
MAX_40deg_rep1.tif,40deg,1,28,Tif6_vs_Nsr1,0.21921871777180674,,0.0
MAX_40deg_rep1.tif,40deg,1,29,Tif6_vs_Nsr1,0.8507880526670097,0.8824292172257912,0.9645898007290714
MAX_40deg_rep1.tif,40deg,1,30,Tif6_vs_Nsr1,0.38194584898296663,,0.0
MAX_40deg_rep1.tif,40deg,1,31,Tif6_vs_Nsr1,0.7537647321447692,0.7774895915382019,0.9682832985369522
MAX_40deg_rep1.tif,40deg,1,1,Sis1_vs_Nsr1,0.8674479615114222,0.8085256588384616,1.0
MAX_40deg_rep1.tif,40deg,1,2,Sis1_vs_Nsr1,0.28257213421956495,,
MAX_40deg_rep1.tif,40deg,1,3,Sis1_vs_Nsr1,0.32970190365543467,,
MAX_40deg_rep1.tif,40deg,1,4,Sis1_vs_Nsr1,0.897647586864555,0.8455594335637908,1.0
MAX_40deg_rep1.tif,40deg,1,5,Sis1_vs_Nsr1,0.7515758608925416,0.7644370616877955,0.9989970909408035
MAX_40deg_rep1.tif,40deg,1,6,Sis1_vs_Nsr1,0.891280035224823,0.9194973911191566,0.9753249637753969
MAX_40deg_rep1.tif,40deg,1,7,Sis1_vs_Nsr1,0.7779881748328625,0.9139437008058349,0.9856813722843206
MAX_40deg_rep1.tif,40deg,1,8,Sis1_vs_Nsr1,0.8081614491546558,0.9312325961015268,0.9738687327307313
MAX_40deg_rep1.tif,40deg,1,9,Sis1_vs_Nsr1,0.7189982650202603,0.8031368779763205,0.998561808399039
MAX_40deg_rep1.tif,40deg,1,10,Sis1_vs_Nsr1,0.8544832071854065,0.9100759838940122,0.9975573738822366
MAX_40deg_rep1.tif,40deg,1,11,Sis1_vs_Nsr1,0.34328345190501813,0.0,
MAX_40deg_rep1.tif,40deg,1,12,Sis1_vs_Nsr1,0.8293028919610815,0.8573940095499928,1.0
MAX_40deg_rep1.tif,40deg,1,13,Sis1_vs_Nsr1,0.8365043075916883,0.8440624929139929,0.9833716835534763
MAX_40deg_rep1.tif,40deg,1,14,Sis1_vs_Nsr1,0.9167831595431164,0.990692308700725,0.9247968743062647
MAX_40deg_rep1.tif,40deg,1,15,Sis1_vs_Nsr1,0.7324052999821141,0.8091840836012861,1.0
MAX_40deg_rep1.tif,40deg,1,16,Sis1_vs_Nsr1,0.900993543002229,0.857544565961774,1.0
MAX_40deg_rep1.tif,40deg,1,17,Sis1_vs_Nsr1,0.22513732820047505,0.0,
MAX_40deg_rep1.tif,40deg,1,18,Sis1_vs_Nsr1,0.7412490674284209,0.7227777070500329,0.8925560488576183
MAX_40deg_rep1.tif,40deg,1,19,Sis1_vs_Nsr1,0.4328296543604866,0.0,
MAX_40deg_rep1.tif,40deg,1,20,Sis1_vs_Nsr1,0.8661296094507878,0.8005954627198176,1.0
MAX_40deg_rep1.tif,40deg,1,21,Sis1_vs_Nsr1,0.37463563392856314,0.0,
MAX_40deg_rep1.tif,40deg,1,22,Sis1_vs_Nsr1,0.507382060002684,,0.0
MAX_40deg_rep1.tif,40deg,1,23,Sis1_vs_Nsr1,0.19158357576586968,,0.0
MAX_40deg_rep1.tif,40deg,1,24,Sis1_vs_Nsr1,0.9083939152424529,0.9350262093483032,0.988865408618495
MAX_40deg_rep1.tif,40deg,1,25,Sis1_vs_Nsr1,0.9156537419166282,0.9333390906343106,0.9795831418904808
MAX_40deg_rep1.tif,40deg,1,26,Sis1_vs_Nsr1,0.8251371526009338,0.9425689050277805,0.9751574891150702
MAX_40deg_rep1.tif,40deg,1,27,Sis1_vs_Nsr1,0.6528687880018372,0.7137801129787609,1.0
MAX_40deg_rep1.tif,40deg,1,28,Sis1_vs_Nsr1,0.0753229980872345,,0.0
MAX_40deg_rep1.tif,40deg,1,29,Sis1_vs_Nsr1,0.9479076517552252,0.8252693938001123,1.0
MAX_40deg_rep1.tif,40deg,1,30,Sis1_vs_Nsr1,0.06750972815015917,,0.0
MAX_40deg_rep1.tif,40deg,1,31,Sis1_vs_Nsr1,0.8803582253448817,0.9396864637902956,0.9392629445686304
