image,condition,replicate,cell_id,n_nuclei,cell_area_px,nucleus_area_px,cytosol_area_px,DAPI_cell_mean,DAPI_nucleus_mean,DAPI_cytosol_mean,G3BP1_cell_mean,G3BP1_nucleus_mean,G3BP1_cytosol_mean,PABPC1_cell_mean,PABPC1_nucleus_mean,PABPC1_cytosol_mean,G3BP1_puncta_n,G3BP1_puncta_area_px,G3BP1_puncta_mean_intensity,G3BP1_diffuse_mean_intensity,G3BP1_frac_intensity_in_puncta,G3BP1_puncta_integrated_intensity,G3BP1_fragmentation_index_simple,G3BP1_fragmentation_index_persistence,PABPC1_puncta_n,PABPC1_puncta_area_px,PABPC1_puncta_mean_intensity,PABPC1_diffuse_mean_intensity,PABPC1_frac_intensity_in_puncta,PABPC1_puncta_integrated_intensity,PABPC1_fragmentation_index_simple,PABPC1_fragmentation_index_persistence,keep
MAX_arsenite_rep1.tif,arsenite,1,1,1,13401,7704,5268,608.6849365234375,784.3987426757812,375.0597839355469,1251.4901123046875,1017.592041015625,1575.64697265625,1533.401123046875,1247.837890625,1959.3974609375,2,12,1307.3333740234375,1576.259521484375,0.001890004804525217,15688.0,11,0.5353535353535354,3,43,3419.837158203125,1947.3785400390625,0.014246414442944104,147053.0,4,0.39336917562724016,True
MAX_arsenite_rep1.tif,arsenite,1,2,1,28611,11493,15841,561.7368774414062,846.1947021484375,358.2535705566406,873.810791015625,685.8078002929688,1006.37060546875,1280.0709228515625,994.3867797851562,1480.451904296875,6,43,1059.6279296875,1006.2256469726562,0.002858125531578166,45564.0,10,0.4662393162393162,5,281,3880.220703125,1437.1141357421875,0.046492816469225144,1090342.0,17,0.25712881022615536,True
MAX_arsenite_rep1.tif,arsenite,1,3,1,5049,2583,2346,470.59259033203125,614.2160034179688,342.5102233886719,794.0988159179688,711.3883056640625,856.7821655273438,1053.82373046875,1089.4173583984375,1000.4838256835938,3,1010,863.946533203125,851.3660278320312,0.43412001227853975,872586.0,11,0.6831831831831832,1,7,971.8571166992188,1000.5694580078125,0.002898427231497123,6803.0,8,0.4888888888888888,True
MAX_arsenite_rep1.tif,arsenite,1,4,1,22449,12942,8138,583.3400268554688,741.0888671875,353.146728515625,1020.4724731445312,852.140869140625,1263.84228515625,1475.4095458984375,1326.1337890625,1689.7457275390625,9,67,965.0,1266.3231201171875,0.006286248259505039,64655.0,26,0.5253333333333333,3,184,3985.9130859375,1636.6285400390625,0.053334299070674156,733408.0,11,0.2988351254480286,True
MAX_arsenite_rep1.tif,arsenite,1,5,1,32184,13578,17214,393.8014831542969,529.5617065429688,287.87457275390625,916.1368408203125,807.6365966796875,997.8283081054688,1178.4617919921875,1073.65869140625,1263.5313720703125,8,80,1482.737548828125,995.5642700195312,0.006905842221774068,118619.0,17,0.48946986201888165,7,289,3755.654052734375,1220.9775390625,0.04990173066939189,1085384.0,10,0.18627450980392157,True
MAX_arsenite_rep1.tif,arsenite,1,6,1,47319,14796,31103,310.94989013671875,433.1521911621094,251.66732788085938,1052.75341796875,813.3553466796875,1165.67431640625,1415.2803955078125,1089.7781982421875,1572.5615234375,4,156,3438.416748046875,1154.2176513671875,0.014794612572473586,536393.0,14,0.4257478632478633,7,571,4029.93701171875,1526.6043701171875,0.04704618843303951,2301094.0,26,0.23499361430395918,True
MAX_arsenite_rep1.tif,arsenite,1,7,1,44410,17032,25803,443.4756164550781,626.072021484375,322.4859619140625,1213.373779296875,1029.07666015625,1320.353759765625,1594.9593505859375,1386.69482421875,1714.779541015625,6,178,2717.1123046875,1310.6514892578125,0.014196036007773381,483646.0,14,0.4130864197530864,4,397,4095.0,1677.5858154296875,0.036742264736411887,1625715.0,7,0.25219638242894055,True
MAX_arsenite_rep1.tif,arsenite,1,8,2,22266,12522,8125,445.7377624511719,545.69140625,305.43988037109375,953.7982788085938,831.202392578125,1118.0579833984375,1106.274658203125,997.1748046875,1231.26806640625,5,42,787.047607421875,1119.7779541015625,0.0036388370560337534,33056.0,14,0.571625344352617,4,40,2390.85009765625,1225.5311279296875,0.009559525524305,95634.0,2,0.23456790123456792,True
MAX_arsenite_rep1.tif,arsenite,1,9,1,6795,1557,5092,289.670654296875,470.0301818847656,239.70680236816406,805.005615234375,713.9710693359375,817.0347900390625,712.7876586914062,717.3506469726562,687.5043334960938,4,30,735.4666748046875,817.5181884765625,0.005303411427092154,22064.0,13,0.45888888888888896,0,0,,687.5043334960938,0.0,0.0,1,0.2037037037037036,True
MAX_arsenite_rep1.tif,arsenite,1,10,1,31908,14013,16783,440.4752197265625,637.7398681640625,278.5552673339844,758.9117431640625,580.3289794921875,906.7210693359375,949.5538330078125,728.06396484375,1134.8907470703125,4,45,1521.977783203125,905.0669555664062,0.004500673566617382,68489.0,10,0.5048449612403101,5,120,3559.74169921875,1117.4281005859375,0.02242725209682724,427169.0,5,0.20901320901320902,True
MAX_arsenite_rep1.tif,arsenite,1,11,1,26907,9522,16547,417.1294860839844,645.37353515625,286.3406066894531,597.5822143554688,472.6058654785156,666.0551147460938,702.431396484375,562.3673706054688,779.4928588867188,2,13,842.1538696289062,665.9166870117188,0.0009933569931588298,10948.0,4,0.3832582582582583,3,37,2474.648681640625,775.6939086914062,0.007098782565225037,91562.0,3,0.21180555555555552,True
MAX_control_rep1.tif,control,1,1,1,4968,1377,3225,325.7962951660156,475.7973937988281,258.0058898925781,925.9520874023438,971.112548828125,897.8331909179688,1002.865966796875,968.8075561523438,1026.145751953125,2,14,445.5714416503906,899.8050537109375,0.0021543685538170797,6238.0,6,0.6777777777777778,1,7,624.4285888671875,1027.01953125,0.001320815152357584,4371.0,8,0.6994949494949495,True
MAX_control_rep1.tif,control,1,2,0,14463,0,14463,221.75711059570312,,221.75711059570312,769.3123168945312,,769.3123168945312,1350.060302734375,,1350.060302734375,0,0,,769.3123168945312,0.0,0.0,8,0.58008658008658,0,0,,1350.060302734375,0.0,0.0,25,0.6802935010482181,False
MAX_control_rep1.tif,control,1,3,1,35688,14253,19998,381.0854187011719,548.5834350585938,261.8315734863281,1026.1136474609375,945.0440063476562,1063.1893310546875,1499.7161865234375,1366.967529296875,1576.2593994140625,2,13,808.4615478515625,1063.35498046875,0.000494317000648115,10510.0,22,0.656330749354005,4,27,1460.148193359375,1576.4163818359375,0.001250680634969137,39424.0,28,0.6994535519125683,True
MAX_control_rep1.tif,control,1,4,1,36537,15516,20010,390.9216003417969,529.2130737304688,284.7193908691406,970.1741333007812,814.553955078125,1084.70751953125,1207.0115966796875,1006.0048828125,1358.5606689453125,1,7,919.1428833007812,1084.7655029296875,0.000296429421463204,6434.0,15,0.6198501872659176,1,8,1093.625,1358.6666259765625,0.0003218342603219446,8749.0,43,0.5849849849849851,True
MAX_control_rep1.tif,control,1,5,2,22134,12408,8722,434.5614929199219,544.96826171875,287.7013244628906,870.9562377929688,785.4857177734375,989.489013671875,1083.9583740234375,1005.6132202148438,1192.7943115234375,2,12,836.5,989.6997680664062,0.0011631082637347408,10038.0,19,0.6288888888888888,0,0,,1192.7943115234375,0.0,0.0,12,0.6519916142557651,True
MAX_control_rep1.tif,control,1,6,1,40735,16551,22227,391.70086669921875,484.6712646484375,321.3358459472656,811.6416625976562,632.5829467773438,938.21630859375,1065.45361328125,827.1697387695312,1232.7080078125,2,13,789.8461303710938,938.3031616210938,0.0004923818439421928,10268.0,13,0.6654252017380509,0,0,,1232.7080078125,0.0,0.0,38,0.6432038834951457,True
MAX_control_rep1.tif,control,1,7,1,29460,11079,17060,345.978515625,483.784912109375,253.7501220703125,890.2335205078125,802.4371337890625,931.06103515625,1313.344482421875,1262.35546875,1323.489501953125,2,13,1058.769287109375,930.963623046875,0.0008665377604657697,13764.0,9,0.5515587529976018,0,0,,1323.489501953125,0.0,0.0,32,0.6904761904761904,True
MAX_control_rep1.tif,control,1,8,1,17229,13143,3117,598.3275146484375,661.900146484375,375.9194641113281,874.5928955078125,819.0842895507812,1073.16845703125,1288.894287109375,1232.5450439453125,1468.6531982421875,0,0,,1073.16845703125,0.0,0.0,11,0.5576131687242798,1,7,1002.2857055664062,1469.702880859375,0.0015326165976960072,7016.0,25,0.6599732262382866,True
MAX_control_rep1.tif,control,1,9,1,22770,13797,7370,492.25775146484375,584.4415893554688,334.2502136230469,933.02783203125,864.6682739257812,1020.86376953125,1237.102294921875,1129.4951171875,1403.8389892578125,0,0,,1020.86376953125,0.0,0.0,15,0.6811342592592594,0,0,,1403.8389892578125,0.0,0.0,30,0.6061061061061059,True
MAX_control_rep1.tif,control,1,10,1,28242,12645,14509,521.3359375,729.999755859375,349.2380676269531,755.8909912109375,590.459716796875,887.74609375,1088.7020263671875,885.6512451171875,1246.8087158203125,1,7,804.0,887.7864990234375,0.00043694607302868847,5628.0,9,0.5529595015576324,2,14,1079.2142333984375,1246.970703125,0.0008352152256048497,15109.0,25,0.648635477582846,True
MAX_control_rep1.tif,control,1,11,1,36990,14022,21251,361.7848815917969,464.4180603027344,293.76593017578125,771.76318359375,633.2192993164062,860.6483764648438,1075.2169189453125,786.5995483398438,1265.0235595703125,4,27,635.0,860.9353637695312,0.0009374160385241085,17145.0,6,0.6036439665471922,1,7,1024.142822265625,1265.1029052734375,0.00026667394759576085,7169.0,30,0.6434400502197114,True
MAX_control_rep1.tif,control,1,12,1,25107,11898,11949,476.5197448730469,618.3457641601562,339.3714904785156,733.626220703125,653.4150390625,799.8721313476562,1084.3197021484375,1039.5435791015625,1112.702880859375,0,0,,799.8721313476562,0.0,0.0,6,0.5662589194699287,2,12,1261.0,1112.5537109375,0.0011381135204306119,15132.0,36,0.6603942652329748,True
MAX_control_rep1.tif,control,1,13,1,19440,12033,6037,581.9564208984375,716.110595703125,330.864501953125,537.6732788085938,483.858642578125,615.6806640625,792.9710693359375,742.0786743164062,863.607421875,4,29,497.7241516113281,616.25,0.003883381259039879,14434.0,13,0.4987922705314009,0,0,,863.607421875,0.0,0.0,32,0.6642512077294686,True
